{
  "parent": "minecraft:item/handheld",
  "textures": {
    "layer0": "minecraft:item/netherite_sword"
  },
  "overrides": [
    {
      "predicate": {
        "custom_model_data": 15211000
      },
      "model": "sakura:item/endless_flame"
    },
    {
      "predicate": {
        "custom_model_data": 15211001
      },
      "model": "sakura:item/fucking_bread"
    },
    {
      "predicate": {
        "custom_model_data": 15211002
      },
      "model": "sakura:item/frostbite_edge"
    },
    {
      "predicate": {
        "custom_model_data": 15211003
      },
      "model": "sakura:item/flame_soul_blade"
    },
    {
      "predicate": {
        "custom_model_data": 15211004
      },
      "model": "sakura:item/shadowmoon_blade"
    },
    {
      "predicate": {
        "custom_model_data": 15211005
      },
      "model": "sakura:item/dragon_tooth"
    },
    {
      "predicate": {
        "custom_model_data": 15211006
      },
      "model": "sakura:item/storm_blade"
    },
    {
      "predicate": {
        "custom_model_data": 15211007
      },
      "model": "sakura:item/seaheart_blade"
    },
    {
      "predicate": {
        "custom_model_data": 15211008
      },
      "model": "sakura:item/thornblade"
    },
    {
      "predicate": {
        "custom_model_data": 15212000
      },
      "model": "sakura:item/roar_of_frost"
    },
    {
      "predicate": {
        "custom_model_data": 15213000
      },
      "model": "sakura:item/thunder_warth"
    }
  ]
}